<?xml version="1.0" encoding="UTF-8"?>
<project-private xmlns="http://www.netbeans.org/ns/project-private/1">
    <editor-bookmarks xmlns="http://www.netbeans.org/ns/editor-bookmarks/2" lastBookmarkId="1">
        <file>
            <url>src/java/Entity/User.java</url>
            <bookmark id="1">
                <name/>
                <line>53</line>
                <key/>
            </bookmark>
        </file>
    </editor-bookmarks>
    <open-files xmlns="http://www.netbeans.org/ns/projectui-open-files/2">
        <group>
            <file>file:/C:/Users/lenovo/Documents/NetBeansProjects/CE-2%20project/src/java/RegistrationServlet.java</file>
            <file>file:/C:/Users/lenovo/Documents/NetBeansProjects/CE-2%20project/web/registration.jsp</file>
            <file>file:/C:/Users/lenovo/Documents/NetBeansProjects/CE-2%20project/web/success.jsp</file>
        </group>
    </open-files>
</project-private>
